name,framework,backend,batch_size,dtype,num_prompt_tokens,num_generated_tokens,prompt_tps,prompt_tps_std,prompt_time_sec,prompt_time_sec_std,generation_tps,generation_tps_std,generation_time_sec,generation_time_sec_std,peak_memory_gib,peak_memory_gib_std
nemotron-nano-9b-v2,mlx,metal,1,int4,4096,100.0,358.686818063164,0.10423357836421274,11.41943372200088,0.0033178146135634124,46.34517627162674,0.07175280254994239,2.157727027670868,0.003337060800180074,10.325597472,0.0
nemotron-nano-9b-v2,mlx,metal,1,int4,1024,100.0,362.70908396637554,0.7140002106663829,2.8232101526712845,0.005557874845388551,46.88257357626901,0.06841834560586035,2.1329932499987385,0.0031129204069325262,8.119733084,0.003942734137776274
nemotron-nano-9b-v2,mlx,metal,1,int4,256,100.0,361.4108327779745,0.8439680623507605,0.7083390276723852,0.0016563196517730729,46.8708167865588,0.17127651340851463,2.1335522916633636,0.007815243792978687,6.378030578,0.0
nemotron-nano-9b-v2,mlx,metal,1,int4,64,100.0,297.022705616598,0.3501989860390145,0.21547204200760461,0.0002538609253999313,46.459203121936724,0.012351258329649487,2.1524262223392725,0.0005723014665906008,5.400797073,0.0
