name,framework,backend,batch_size,dtype,num_prompt_tokens,num_generated_tokens,prompt_tps,prompt_tps_std,prompt_time_sec,prompt_time_sec_std,generation_tps,generation_tps_std,generation_time_sec,generation_time_sec_std,peak_memory_gib,peak_memory_gib_std
nemotron-nano-9b-v2,mlx,metal,1,int4,4096,100.0,1801.728077316508,186.7561830339455,2.2960743998000908,0.21986050201888643,91.19811788866517,1.3102174515962728,1.0967424666000625,0.01591541664578631,10.325597472,0.0
nemotron-nano-9b-v2,mlx,metal,1,int4,1024,100.0,1679.3755001919944,92.04491167536538,0.6115166667998893,0.03224873545935037,67.40264266847952,4.048943956589422,1.488657879299808,0.08403110139489967,8.1225128868,9.290080739114819e-08
nemotron-nano-9b-v2,mlx,metal,1,int4,256,100.0,1595.4563964409406,10.15843124005495,0.1604622042000301,0.0010287446533016182,65.30462124899614,0.7705404827594687,1.531498645800093,0.01809157923454306,6.3780305784,1.2000000992884452e-09
nemotron-nano-9b-v2,mlx,metal,1,int4,64,100.0,835.7097688316799,9.817422866050837,0.07659213340011775,0.000895810717912928,65.92078659662641,0.4718655405542179,1.517050679300155,0.010965556027147492,5.400797073,0.0
nemotron-nano-9b-v2,mlx,metal,1,int6,4096,100.0,1629.0761750318356,165.15152815192096,2.5369014710002373,0.22424229585353322,62.40296213382535,6.130698789587054,1.6199860292001176,0.17836685577812592,12.494697984000002,0.008035739999999693
nemotron-nano-9b-v2,mlx,metal,1,int6,1024,100.0,1707.9368983159598,149.62584049111936,0.604375733300094,0.055206577450057706,48.86885324768159,1.1083046140573796,2.0473512499000206,0.04666964871700841,10.344232428400002,9.309693866449138e-08
nemotron-nano-9b-v2,mlx,metal,1,int6,256,100.0,1478.1397459393747,112.20562395283311,0.17419286260010267,0.013220987285713744,49.12890426220351,0.4523935180105115,2.035635212699799,0.018850369145110644,8.599883505200001,1.833030429648802e-09
nemotron-nano-9b-v2,mlx,metal,1,int6,64,100.0,724.7092303449865,36.570212936656304,0.08852488739985347,0.004236032950996317,48.91317227308795,0.7968562313530108,2.044983925099859,0.03345063427154474,7.6092206434000005,1.8282231742107004e-08
