name,framework,backend,batch_size,dtype,num_prompt_tokens,num_generated_tokens,prompt_tps,prompt_tps_std,prompt_time_sec,prompt_time_sec_std,generation_tps,generation_tps_std,generation_time_sec,generation_time_sec_std,peak_memory_gib,peak_memory_gib_std
nemotron-3-nano-4b,mlx,metal,1,int4,4096,100.0,828.441332314758,2.4581246726486627,4.944268293750793,0.01473186065340924,99.98671356948796,0.3957840406671612,1.0001485811983002,0.003966161127765633,5.838862784,0.0
nemotron-3-nano-4b,mlx,metal,1,int4,1024,100.0,832.9669312528173,12.197273244686826,1.229605422748864,0.018091628994672027,101.7907589057638,0.6286341421967067,0.9824447416998737,0.00603839729257875,4.4645076888,1.6440486598792093e-07
nemotron-3-nano-4b,mlx,metal,1,int4,256,100.0,834.6794354238382,6.674557031557557,0.3067243063022033,0.0024677476454912175,102.32765748086784,0.6245209090750228,0.9772893749992363,0.005976605564079528,3.3226840167999994,1.1856205120190049e-07
nemotron-3-nano-4b,mlx,metal,1,int4,64,100.0,702.3143387489956,3.515106771857762,0.09112956454919185,0.0004551445437002025,100.97009164444793,0.7788420946728564,0.9904506937993574,0.007572396280549984,2.5269034942000004,2.9717487040053066e-06
nemotron-3-nano-4b,mlx,metal,1,int8,4096,100.0,809.1788721566737,17.02227840294889,5.064223822850181,0.10946030300318889,56.87288116269019,0.5486342610545494,1.7584733605508518,0.017218627987863465,7.786428882,0.0
nemotron-3-nano-4b,mlx,metal,1,int8,1024,100.0,823.9271992597475,11.542445368215049,1.2430745770987415,0.01758378280017813,57.944301601702705,0.5922835449262026,1.725976831350272,0.017765723831797767,6.450281214,0.0
nemotron-3-nano-4b,mlx,metal,1,int8,256,100.0,793.3234102750233,15.176346293861439,0.32281171035137957,0.006200037241846013,57.017537329127755,0.8157597513826674,1.7542029999473017,0.024928516254911333,5.2055735868,1.6000001323845936e-09
nemotron-3-nano-4b,mlx,metal,1,int8,64,100.0,605.0738978857868,2.569100025964474,0.10577411240083165,0.00044937734429127105,55.946663339958874,0.32262320700647523,1.7874762793006085,0.01033292697776843,4.496263131999999,2.1391587066157943e-08
