name,framework,backend,batch_size,dtype,num_prompt_tokens,num_generated_tokens,prompt_tps,prompt_tps_std,prompt_time_sec,prompt_time_sec_std,generation_tps,generation_tps_std,generation_time_sec,generation_time_sec_std,peak_memory_gib,peak_memory_gib_std
qwen-3.5-0.8b,mlx,metal,1,int4,4096,100.0,13986.002047019037,0.0,0.2928642500000933,0.0,415.05343352251174,0.0,0.24093283399997745,0.0,3.329393546,0.0
qwen-3.5-0.8b,mlx,metal,1,int4,1024,100.0,11633.28451742071,0.0,0.08802329200034364,0.0,432.30694657772415,0.0,0.23131712500025967,0.0,2.544108566,0.0
qwen-3.5-0.8b,mlx,metal,1,int4,256,100.0,7862.116172087974,0.0,0.032561208000061015,0.0,442.7497793247151,0.0,0.22586120799996934,0.0,0.971586626,0.0
qwen-3.5-0.8b,mlx,metal,1,int4,64,85.0,2682.9319415401496,0.0,0.02385450000019773,0.0,432.55639910720475,0.0,0.19650616700027967,0.0,0.60762103,0.0
