name,framework,backend,batch_size,dtype,num_prompt_tokens,num_generated_tokens,prompt_tps,prompt_tps_std,prompt_time_sec,prompt_time_sec_std,generation_tps,generation_tps_std,generation_time_sec,generation_time_sec_std,peak_memory_gib,peak_memory_gib_std
qwen-3.5-27b-claude-opus-distilled,mlx,metal,1,int4,4096,100.0,557.3717750478556,60.404063424017245,7.437580912555859,0.8214088385334517,24.30884263199899,2.426426960783992,4.149557360347535,0.36273690013984455,18.594430005999996,3.552713678800501e-15
qwen-3.5-27b-claude-opus-distilled,mlx,metal,1,int4,1024,100.0,436.36627039168934,10.501996805089389,2.3480362499016336,0.05751036843727113,27.77595175445514,0.9704269358759136,3.6047235394013115,0.12848927756105163,16.936340546,0.0
qwen-3.5-27b-claude-opus-distilled,mlx,metal,1,int4,256,100.0,371.4223693853865,101.9602311884442,0.720648683203035,0.11448439570688419,28.5484706743601,1.1151701766734168,3.5074590665492,0.11895486611674619,15.845591162800002,1.6000001323855796e-09
qwen-3.5-27b-claude-opus-distilled,mlx,metal,1,int4,64,100.0,214.172124007737,41.064350979764704,0.3063203352008713,0.03914680516582349,28.027352843107753,1.2629865399285178,3.574141362452065,0.1376318182130766,15.4160871028,2.752744090457759e-08
qwen-3.5-27b-claude-opus-distilled,mlx,metal,1,int8,4096,100.0,518.7059047365411,8.719262234499343,7.898773475000053,0.1308230972443263,16.85995546188656,0.11486015189954468,5.931489622853405,0.04049360439812095,32.04032005399999,7.105427357601002e-15
qwen-3.5-27b-claude-opus-distilled,mlx,metal,1,int8,1024,100.0,433.6133958403698,7.828961261885996,2.3623106687446125,0.042102081312063167,17.385349986726773,0.13559656119426836,5.75232246240048,0.04527974143700483,30.346611778,0.0
qwen-3.5-27b-claude-opus-distilled,mlx,metal,1,int8,256,100.0,308.65371239705803,4.98394234147301,0.8296212646033382,0.013181666379081646,17.591097788203022,0.04467642875962638,5.684730233349546,0.014446909302596142,29.233268842600005,1.4282858038898761e-09
qwen-3.5-27b-claude-opus-distilled,mlx,metal,1,int8,64,100.0,172.98819511510564,28.581531856696984,0.3778058936964953,0.0474978485195501,17.374585681120415,0.4455941408181287,5.759136433401727,0.14052148125194208,28.8176947778,1.3295112500071341e-08
