name,framework,backend,batch_size,dtype,num_prompt_tokens,num_generated_tokens,prompt_tps,prompt_tps_std,prompt_time_sec,prompt_time_sec_std,generation_tps,generation_tps_std,generation_time_sec,generation_time_sec_std,peak_memory_gib,peak_memory_gib_std
nemotron-3-nano-4b,ollama,metal+llama.cpp,1,int4,4096,100.0,605.6483953559018,15.090560181821457,6.767146791799999,0.16645104841839997,49.77098108654341,0.20003137176136232,2.0092355241999997,0.008115114122408977,0.0,0.0
nemotron-3-nano-4b,ollama,metal+llama.cpp,1,int4,1024,100.0,625.0564201880428,5.260143938139615,1.6383684668,0.013826684256066764,50.2458583370355,0.2501440720233848,1.9902634243999997,0.009970597515279137,0.0,0.0
nemotron-3-nano-4b,ollama,metal+llama.cpp,1,int4,256,100.0,633.7414656785644,1.9337195288071751,0.40395396679999995,0.001230270008723517,50.477212587405134,0.03882158858625844,1.9810931318000002,0.0015241345707381001,0.0,0.0
nemotron-3-nano-4b,ollama,metal+llama.cpp,1,int4,64,100.0,561.2911331488621,2.2128388264991865,0.11402459179999999,0.00044844722255195417,50.42207035578825,0.02408849834457995,1.9832589602000001,0.0009475456888024496,0.0,0.0
