name,framework,backend,batch_size,dtype,num_prompt_tokens,num_generated_tokens,prompt_tps,prompt_tps_std,prompt_time_sec,prompt_time_sec_std,generation_tps,generation_tps_std,generation_time_sec,generation_time_sec_std,peak_memory_gib,peak_memory_gib_std
nemotron-nano-9b-v2,mlx,metal,1,int4,4096,100.0,1767.0664901221564,169.96437560378632,2.336796308399971,0.19650591150848967,91.56017831076015,1.6534480369341071,1.0925367126998935,0.019874116405139232,10.325597472,0.0
nemotron-nano-9b-v2,mlx,metal,1,int4,1024,100.0,1646.4669602139652,72.61921870532157,0.6231217376998757,0.026867703047825733,68.50849575826678,3.039048919031392,1.4623529292997772,0.0604769596888309,8.122512835200002,6.562438566901903e-08
nemotron-nano-9b-v2,mlx,metal,1,int4,256,100.0,1569.637967406405,21.37785142097745,0.16312576250002167,0.002263846176704857,66.3469314163442,0.614957013899855,1.5073598292000496,0.01414719698613874,6.378030578,0.0
nemotron-nano-9b-v2,mlx,metal,1,int4,64,100.0,840.0423587473606,3.945624273404687,0.07618831659992793,0.0003581767498479864,66.63329849001926,0.9166173964215828,1.5010398872002042,0.020991319191295616,5.4007970734,1.2000000992884452e-09
